{"cameraMode":{"drawMode":0,"name":"Shaded","section":"Shading Mode"},"sceneLighting":true,"audioPlay":false,"sceneViewState":{"showFog":true,"showMaterialUpdate":false,"showSkybox":true,"showFlares":true,"showImageEffects":true,"showParticleSystems":true},"in2DMode":false,"pivot":{"x":2.0128941535949709,"y":-3.861142158508301,"z":4.171134948730469},"rotation":{"x":-0.2298584282398224,"y":0.0836709514260292,"z":-0.019838957116007806,"w":-0.9694177508354187},"size":28.74947738647461,"orthographic":false}