{"cameraMode":{"drawMode":0,"name":"Shaded","section":"Shading Mode"},"sceneLighting":false,"audioPlay":false,"sceneViewState":{"showFog":true,"showMaterialUpdate":false,"showSkybox":false,"showFlares":true,"showImageEffects":true,"showParticleSystems":true},"in2DMode":false,"pivot":{"x":0.0682419165968895,"y":-0.014362752437591553,"z":0.032318778336048129},"rotation":{"x":-0.4736645519733429,"y":0.4334629774093628,"z":-0.2891676127910614,"w":-0.710023820400238},"size":0.18483558297157288,"orthographic":false}