{"cameraMode":{"drawMode":0,"name":"Shaded","section":"Shading Mode"},"sceneLighting":true,"audioPlay":false,"sceneViewState":{"showFog":false,"showMaterialUpdate":false,"showSkybox":false,"showFlares":false,"showImageEffects":false,"showParticleSystems":false},"in2DMode":false,"pivot":{"x":-1.1199181079864503,"y":0.5286208987236023,"z":3.8563637733459474},"rotation":{"x":-0.0003090323298238218,"y":0.07253406196832657,"z":-0.00002256555853819009,"w":-0.9973658919334412},"size":2.7501423358917238,"orthographic":false}