{"cameraMode":{"drawMode":0,"name":"Shaded","section":"Shading Mode"},"sceneLighting":true,"audioPlay":false,"sceneViewState":{"showFog":false,"showMaterialUpdate":false,"showSkybox":false,"showFlares":false,"showImageEffects":false,"showParticleSystems":false},"in2DMode":false,"pivot":{"x":-6.325504302978516,"y":-0.1090034693479538,"z":5.985876083374023},"rotation":{"x":-0.08680900931358338,"y":-0.9058201909065247,"z":0.2262929081916809,"w":-0.3474845886230469},"size":4.232682228088379,"orthographic":false}