{"cameraMode":{"drawMode":0,"name":"Shaded","section":"Shading Mode"},"sceneLighting":false,"audioPlay":false,"sceneViewState":{"showFog":true,"showMaterialUpdate":false,"showSkybox":false,"showFlares":true,"showImageEffects":true,"showParticleSystems":true},"in2DMode":false,"pivot":{"x":2.8649768829345705,"y":-6.911193370819092,"z":-8.876553535461426},"rotation":{"x":0.010851729661226273,"y":-0.935867190361023,"z":0.3509954512119293,"w":0.028933916240930558},"size":34.60811233520508,"orthographic":false}